INSERT INTO company (id, remaining_rtt, rtt_taken) VALUES (1, 5, 2);
INSERT INTO company_holiday (id, comment, date, type, company_id) VALUES (1, 'Jour de l''an', '2022-01-01', 'PUBLIC_HOLIDAY', 1);
INSERT INTO company_holiday (id, comment, date, type, company_id) VALUES (2, 'Lundi de Pâques', '2022-04-18', 'PUBLIC_HOLIDAY', 1);
INSERT INTO company_holiday (id, comment, date, type, company_id) VALUES (3, 'Fête du travail', '2022-05-01', 'PUBLIC_HOLIDAY', 1);
INSERT INTO company_holiday (id, comment, date, type, company_id) VALUES (4, 'Victoire 1945', '2022-05-08', 'PUBLIC_HOLIDAY', 1);
INSERT INTO company_holiday (id, comment, date, type, company_id) VALUES (5, 'Jeudi de l''Ascension', '2022-05-26', 'PUBLIC_HOLIDAY', 1);
INSERT INTO company_holiday (id, comment, date, type, company_id) VALUES (6, 'Lundi de Pentecôte', '2022-06-06', 'PUBLIC_HOLIDAY', 1);
INSERT INTO company_holiday (id, comment, date, type, company_id) VALUES (7, 'Fête nationale', '2022-07-14', 'PUBLIC_HOLIDAY', 1);
INSERT INTO company_holiday (id, comment, date, type, company_id) VALUES (8, 'Assomption', '2022-08-15', 'PUBLIC_HOLIDAY', 1);
INSERT INTO company_holiday (id, comment, date, type, company_id) VALUES (9, 'Toussaint', '2022-11-01', 'PUBLIC_HOLIDAY', 1);
INSERT INTO company_holiday (id, comment, date, type, company_id) VALUES (10, 'Armistice 1918', '2022-11-11', 'PUBLIC_HOLIDAY', 1);
INSERT INTO company_holiday (id, comment, date, type, company_id) VALUES (11, 'Jour de Noël', '2022-12-25', 'PUBLIC_HOLIDAY', 1);
INSERT INTO company_holiday (id, comment, date, type, company_id) VALUES (12, '', '2022-08-16', 'COMPANY_RTT', 1);
INSERT INTO company_holiday (id, comment, date, type, company_id) VALUES (13, 'Pont de la Toussaint', '2022-10-31', 'COMPANY_RTT', 1);
INSERT INTO department (id, label, company_id) VALUES (1, 'Management', 1);
INSERT INTO department (id, label, company_id) VALUES (2, 'Developpement', 1);
INSERT INTO department (id, label, company_id) VALUES (3, 'Commercial', 1);
INSERT INTO department (id, label, company_id) VALUES (4, 'Service après vente', 1);
INSERT INTO leave_counters (id, remaining_paid_leaves, paid_leaves_taken, remaining_rtt, rtt_taken, unpaid_leaves_taken) VALUES (1, 0, 25, 6, 0, 0);
INSERT INTO leave_counters (id, remaining_paid_leaves, paid_leaves_taken, remaining_rtt, rtt_taken, unpaid_leaves_taken) VALUES (2, 0, 25, 6, 0, 0);
INSERT INTO leave_counters (id, remaining_paid_leaves, paid_leaves_taken, remaining_rtt, rtt_taken, unpaid_leaves_taken) VALUES (3, 0, 25, 6, 0, 0);
INSERT INTO leave_counters (id, remaining_paid_leaves, paid_leaves_taken, remaining_rtt, rtt_taken, unpaid_leaves_taken) VALUES (4, 0, 25, 6, 0, 0);
INSERT INTO leave_counters (id, remaining_paid_leaves, paid_leaves_taken, remaining_rtt, rtt_taken, unpaid_leaves_taken) VALUES (5, 0, 25, 6, 0, 0);
INSERT INTO leave_counters (id, remaining_paid_leaves, paid_leaves_taken, remaining_rtt, rtt_taken, unpaid_leaves_taken) VALUES (6, 0, 25, 6, 0, 0);
INSERT INTO leave_counters (id, remaining_paid_leaves, paid_leaves_taken, remaining_rtt, rtt_taken, unpaid_leaves_taken) VALUES (7, 0, 25, 6, 0, 0);
INSERT INTO leave_counters (id, remaining_paid_leaves, paid_leaves_taken, remaining_rtt, rtt_taken, unpaid_leaves_taken) VALUES (8, 0, 25, 6, 0, 0);
INSERT INTO leave_counters (id, remaining_paid_leaves, paid_leaves_taken, remaining_rtt, rtt_taken, unpaid_leaves_taken) VALUES (9, 0, 25, 6, 0, 0);
INSERT INTO leave_counters (id, remaining_paid_leaves, paid_leaves_taken, remaining_rtt, rtt_taken, unpaid_leaves_taken) VALUES (10, 0, 25, 6, 0, 0);
INSERT INTO leave_counters (id, remaining_paid_leaves, paid_leaves_taken, remaining_rtt, rtt_taken, unpaid_leaves_taken) VALUES (11, 0, 25, 6, 0, 0);
INSERT INTO leave_counters (id, remaining_paid_leaves, paid_leaves_taken, remaining_rtt, rtt_taken, unpaid_leaves_taken) VALUES (12, 0, 25, 6, 0, 0);
INSERT INTO user (id, email, first_name, last_name, password, role, department_id, leave_counters_id, manager_id) VALUES (1, 'jean-eudes.marouflard@gmail.com', 'Jean-Eudes', 'Marouflard', '123456', 'MANAGER', 1, 1, null);
INSERT INTO user (id, email, first_name, last_name, password, role, department_id, leave_counters_id, manager_id) VALUES (2, 'marguerite.duchene@gmail.com', 'Marguerite', 'Duchêne', '123456', 'MANAGER', 3, 2, 1);
INSERT INTO user (id, email, first_name, last_name, password, role, department_id, leave_counters_id, manager_id) VALUES (3, 'christian.dumaine@gmail.com', 'Christian', 'Du Maine', '123456', 'EMPLOYEE', 3, 3, 2);
INSERT INTO user (id, email, first_name, last_name, password, role, department_id, leave_counters_id, manager_id) VALUES (4, 'jean-jacques.martin@gmail.com', 'Jean-Jacques', 'Martin', '123456', 'ADMINISTRATOR', 1, 4, 1);
INSERT INTO user (id, email, first_name, last_name, password, role, department_id, leave_counters_id, manager_id) VALUES (5, 'juliette.marie@gmail.com', 'Juliette', 'Marie', '123456', 'MANAGER', 2, 5, 1);
INSERT INTO user (id, email, first_name, last_name, password, role, department_id, leave_counters_id, manager_id) VALUES (6, 'paul.fleuve@gmail.com', 'Paul', 'Fleuve', '123456', 'EMPLOYEE', 2, 6, 5);
INSERT INTO user (id, email, first_name, last_name, password, role, department_id, leave_counters_id, manager_id) VALUES (7, 'christine.maitre@gmail.com', 'Christine', 'Maitre', '123456', 'EMPLOYEE', 2, 7, 5);
INSERT INTO user (id, email, first_name, last_name, password, role, department_id, leave_counters_id, manager_id) VALUES (8, 'adrien.marcher@gmail.com', 'Adrien', 'Marcher', '123456', 'EMPLOYEE', 2, 8, 5);
INSERT INTO user (id, email, first_name, last_name, password, role, department_id, leave_counters_id, manager_id) VALUES (9, 'hubert.creux@gmail.com', 'Hubert', 'Creux', '123456', 'EMPLOYEE', 2, 9, 5);
INSERT INTO user (id, email, first_name, last_name, password, role, department_id, leave_counters_id, manager_id) VALUES (10, 'gaelle.sachet@gmail.com', 'Gaëlle', 'Sachet', '123456', 'MANAGER', 4, 10, 1);
INSERT INTO user (id, email, first_name, last_name, password, role, department_id, leave_counters_id, manager_id) VALUES (11, 'marc.jarre@gmail.com', 'Marc', 'Jarre', '123456', 'EMPLOYEE', 4, 11, 10);
INSERT INTO user (id, email, first_name, last_name, password, role, department_id, leave_counters_id, manager_id) VALUES (12, 'simone.muret@gmail.com', 'Simone', 'Muret', '123456', 'EMPLOYEE', 4, 12, 10);
INSERT INTO leave_ (id, start_date, end_date, type, reason, status, user_id) VALUES (1, '2022-03-07', '2022-03-18', 'PAID_LEAVE', '', 'VALIDATED', 2);